class,region-centroid-col,region-centroid-row,region-pixel-count,short-line-density-5,short-line-density-2,vedge-mean,vedge-sd,hedge-mean,hedge-sd,intensity-mean,rawred-mean,rawblue-mean,rawgreen-mean,exred-mean,exblue-mean,exgreen-mean,value-mean,saturatoin-mean,hue-mean
FOLIAGE,122.36781609195403,124.04597701149426,9.0,0.011494252758620689,0.0063856959770114945,2.300127710114942,8.555802194712644,2.9942529136781606,19.081758337781608,32.03405711494253,28.213282436781608,38.23116254137931,29.657726786551724,-11.462324397931035,18.591315244597702,-7.128990967356322,39.18390836091954,0.46572532788505755,-1.3433847025287355
PATH,155.2,123.0,9.0,0.0,0.022222222,1.422222151,1.203876155,4.87777756,3.9339561830000003,48.685185800000006,44.4666668,58.022223100000005,43.5666667,-12.655555329999999,28.0111109,-15.355555099999998,58.022223100000005,0.275485545,-1.8043585199999999
SKY,123.69911504424779,121.7433628318584,9.0,0.006882989115044248,0.004916420796460177,1.68092441079646,3.93546561399115,2.102753166106195,6.58943860760177,39.958374108849554,35.610619626548676,47.22123943008849,37.04326439707964,-13.043264412123895,21.788594112389383,-8.745329423893807,48.11799455221239,0.40358749578761066,-1.2970387906194691
