centroid0,centroid1,centroid2
I,M,F
0.4116911764705883,0.5794781839622641,0.670476858345021
0.3147058823529412,0.4542040094339622,0.5287377279102384
0.1056843891402715,0.1548997641509434,0.18681626928471246
0.3721295248868778,0.9777158018867925,1.6066269284712484
0.16033710407239818,0.42237824292452825,0.7030133239831697
0.0812089932126697,0.213780070754717,0.34809396914446006
0.1126764705882353,0.2831465212264151,0.44623842917251055
7,9,11
