centroid0,centroid1,centroid2
M,F,F
0.565,0.61,0.625
0.395,0.505,0.265
0.16,0.215,0.14
0.872,0.9940000000000001,1.0165
0.2585,0.22399999999999998,0.3685
0.324,0.26899999999999996,0.0185
0.45,0.1365,0.205
10,9,8
