Max_Weight,Min_Weight,Mean_Fitness
0.09840869480831352,6.480074802814317e-05,909.2715667274385
0.09840869480831352,6.480074802814317e-05,890.8106208930732
0.09840869480831352,6.480074802814317e-05,804.2695412252929
0.10846040845263119,0.000636164535019769,767.4140734373885
0.1083649646519654,0.0006491114107668821,739.7603071103692
0.11636259005685823,0.00015974253135779459,704.0179720464918
0.11939296246601336,0.0009089302238148409,681.9648710141015
0.11939296246601336,0.0009089302238148409,691.2350394558376
0.11939296246601336,0.0009089302238148409,675.5699397671626
0.1093844407942753,0.0003435948291754057,642.2362447379845
