Max_Weight,Min_Weight,Mean_Fitness
0.09840869480831352,6.480074802814317e-05,937.9745487790418
0.09840869480831352,6.480074802814317e-05,914.0738645618727
0.0988775736108533,0.00032422710413954883,838.0285718880249
0.1093885056467411,0.0014063031090545605,763.4522803407552
0.1191634829927256,0.0004031477859558886,726.5157054698033
0.1191634829927256,0.0004031477859558886,720.0108063873682
0.11465321369009829,0.002135257669664314,694.5891115481852
0.11465321369009829,0.002135257669664314,681.4887184366031
0.11465321369009829,0.002135257669664314,670.6325125898667
0.11465321369009829,0.002135257669664314,660.4811039360494
