Max_Weight,Min_Weight,Mean_Fitness
0.09840869480831352,6.480074802814317e-05,907.318641289289
0.09840869480831352,6.480074802814317e-05,867.7366530531469
0.1034213766745023,0.0003141691964568471,810.7751086399232
0.1034213766745023,0.0003141691964568471,784.0994121279597
0.1034213766745023,0.0003141691964568471,730.910844532676
0.11219505542795344,0.0002612635969719472,700.7978106985674
0.10869688385642139,0.00010852760382960761,684.6748096373968
0.10869688385642139,0.00010852760382960761,691.2546433512532
0.12928191442417372,0.0017058215360179717,668.737181581624
0.1199164268455615,0.0007667342851299881,647.1160337051449
