Max_Weight,Min_Weight,Mean_Fitness
0.09840869480831352,6.480074802814317e-05,895.0551150244702
0.09840869480831352,6.480074802814317e-05,884.5972535175504
0.09840869480831352,6.480074802814317e-05,829.0938524627037
0.09840869480831352,6.480074802814317e-05,774.3636934191222
0.09840869480831352,6.480074802814317e-05,727.4140409480648
0.09840869480831352,6.480074802814317e-05,695.8088488451114
0.09840869480831352,6.480074802814317e-05,687.3029348470582
0.12034188019108327,0.0005040163288628374,662.2928298646783
0.12034188019108327,0.0005040163288628374,682.8353616897606
0.12034188019108327,0.0005040163288628374,651.961342139302
