Max_Weight,Min_Weight,Mean_Fitness
0.09840869480831352,6.480074802814317e-05,958.0144333947696
0.10545873173935694,7.089292621948387e-05,872.1147745346541
0.10545873173935694,7.089292621948387e-05,839.8589750286984
0.10545873173935694,7.089292621948387e-05,798.8925380060608
0.10545873173935694,7.089292621948387e-05,744.2681721515592
0.10545873173935694,7.089292621948387e-05,716.9022916554896
0.10545873173935694,7.089292621948387e-05,713.345258770615
0.10500403040959722,0.0012338027951033826,672.4353089522215
0.11059601708427928,0.0004781764078148112,668.0702348167613
0.11059601708427928,0.0004781764078148112,692.1605544589032
