Max_Weight,Min_Weight,Mean_Fitness
0.09840869480831352,6.480074802814317e-05,911.4476722202666
0.09840869480831352,6.480074802814317e-05,901.9442611054334
0.10803528407849718,0.00010369099216255205,819.4422579518713
0.10803528407849718,0.00010369099216255205,788.6207771748968
0.10803528407849718,0.00010369099216255205,739.8715037110925
0.10803528407849718,0.00010369099216255205,732.3285156873267
0.11558427464808968,0.00037577001330258385,683.5807366417141
0.11558427464808968,0.00037577001330258385,680.8429168839002
0.12373864964469049,0.0001485536047554617,648.913444565153
0.12373864964469049,0.0001485536047554617,658.729605482868
