Max_Weight,Min_Weight,Mean_Fitness
0.09840869480831352,6.480074802814317e-05,918.6732109455927
0.09840869480831352,6.480074802814317e-05,868.7803621423792
0.10817387550177673,0.0008260773880534414,789.1943296756622
0.10817387550177673,0.0008260773880534414,780.7570464202038
0.10817387550177673,0.0008260773880534414,724.2947910326609
0.10817387550177673,0.0008260773880534414,681.6099640519269
0.10817387550177673,0.0008260773880534414,694.3125564543254
0.10817387550177673,0.0008260773880534414,660.8918275810161
0.10817387550177673,0.0008260773880534414,675.5493956897733
0.10817387550177673,0.0008260773880534414,669.760852323532
