Max_Weight,Min_Weight,Mean_Fitness
0.09840869480831352,6.480074802814317e-05,920.1409778405714
0.09840869480831352,6.480074802814317e-05,865.1979769102435
0.09840869480831352,6.480074802814317e-05,837.3772853286846
0.09840869480831352,6.480074802814317e-05,773.3439239646169
0.104519004315366,0.0006659996715717886,714.9842046149698
0.104519004315366,0.0006659996715717886,703.2134110605341
0.104519004315366,0.0006659996715717886,679.3586881890661
0.104519004315366,0.0006659996715717886,673.7607985621887
0.1165084946324526,7.013987373716384e-05,648.2305991423126
0.1165084946324526,7.013987373716384e-05,643.5353183390628
