Max_Weight,Min_Weight,Mean_Fitness
0.09840869480831352,6.480074802814317e-05,919.0759477507019
0.09840869480831352,6.480074802814317e-05,897.1694490332351
0.09949275457073395,7.575751981184209e-05,810.1905942010346
0.09949275457073395,7.575751981184209e-05,756.5823109703634
0.09949275457073395,7.575751981184209e-05,733.190103727742
0.10884342902808146,7.575751981184209e-05,707.4400372011678
0.10884342902808146,7.575751981184209e-05,693.1416133019057
0.10884342902808146,7.575751981184209e-05,691.0851430027375
0.10884342902808146,7.575751981184209e-05,681.9906028838078
0.13572518601505068,0.0003825203045705927,659.9607791639949
