{
  "0": {
    "1": {
      "KNN": {
        "RMSE": 21.648230496912504,
        "R2": -9.061957175109931
      },
      "cent": {
        "RMSE": 21.648230496912504,
        "R2": -9.061957175109931
      },
      "med": {
        "RMSE": 21.648230496912504,
        "R2": -9.061957175109931
      }
    },
    "3": {
      "KNN": {
        "RMSE": 5.257822899612081,
        "R2": 0.4064605840714002
      },
      "cent": {
        "RMSE": 8.507542474433516,
        "R2": -0.5539817347336013
      },
      "med": {
        "RMSE": 5.724502355723415,
        "R2": 0.2964205686397835
      }
    },
    "5": {
      "KNN": {
        "RMSE": 5.074040859240599,
        "R2": 0.4472285832299565
      },
      "cent": {
        "RMSE": 7.400383974610075,
        "R2": -0.1758344113421979
      },
      "med": {
        "RMSE": 5.62635613166651,
        "R2": 0.3203394003367286
      }
    },
    "7": {
      "KNN": {
        "RMSE": 4.968992065141317,
        "R2": 0.4698799084516321
      },
      "cent": {
        "RMSE": 7.48186780800735,
        "R2": -0.20187062086254692
      },
      "med": {
        "RMSE": 5.58172579314765,
        "R2": 0.3310792730821436
      }
    },
    "61": {
      "KNN": {
        "RMSE": 4.901952455091735,
        "R2": 0.4840877415994602
      },
      "cent": {
        "RMSE": 7.2871105284671325,
        "R2": -0.14011424371629366
      },
      "med": {
        "RMSE": 5.597465677391076,
        "R2": 0.327301380664223
      }
    },
    "mean": {
      "RMSE": 6.824662374328698,
      "R2": 0.0
    }
  },
  "1": {
    "1": {
      "KNN": {
        "RMSE": 21.353150394075097,
        "R2": -9.480489609550977
      },
      "cent": {
        "RMSE": 21.353150394075097,
        "R2": -9.480489609550977
      },
      "med": {
        "RMSE": 21.353150394075097,
        "R2": -9.480489609550977
      }
    },
    "3": {
      "KNN": {
        "RMSE": 5.243653019418075,
        "R2": 0.3679876773008912
      },
      "cent": {
        "RMSE": 8.591224953423021,
        "R2": -0.6965545785529834
      },
      "med": {
        "RMSE": 5.3077137486588395,
        "R2": 0.3524509962017176
      }
    },
    "5": {
      "KNN": {
        "RMSE": 4.9901072470994565,
        "R2": 0.42762927465859746
      },
      "cent": {
        "RMSE": 7.146455651509367,
        "R2": -0.17392150880989599
      },
      "med": {
        "RMSE": 5.000417241549964,
        "R2": 0.4252616962311484
      }
    },
    "7": {
      "KNN": {
        "RMSE": 4.951774009701798,
        "R2": 0.43638922661794377
      },
      "cent": {
        "RMSE": 7.122606523774702,
        "R2": -0.16609936882238596
      },
      "med": {
        "RMSE": 5.004365602715067,
        "R2": 0.42435370387540516
      }
    },
    "61": {
      "KNN": {
        "RMSE": 4.6604358112038256,
        "R2": 0.5007584584912573
      },
      "cent": {
        "RMSE": 6.900158965341669,
        "R2": -0.09439939973253231
      },
      "med": {
        "RMSE": 5.071406790195877,
        "R2": 0.4088270561161582
      }
    },
    "mean": {
      "RMSE": 6.595856112453323,
      "R2": 0.0
    }
  },
  "2": {
    "1": {
      "KNN": {
        "RMSE": 21.833594634522125,
        "R2": -10.390239925850366
      },
      "cent": {
        "RMSE": 21.833594634522125,
        "R2": -10.390239925850366
      },
      "med": {
        "RMSE": 21.833594634522125,
        "R2": -10.390239925850366
      }
    },
    "3": {
      "KNN": {
        "RMSE": 5.116037105346806,
        "R2": 0.3746116917436787
      },
      "cent": {
        "RMSE": 8.037415669378591,
        "R2": -0.54353060454094
      },
      "med": {
        "RMSE": 5.334652535997652,
        "R2": 0.32002231326628783
      }
    },
    "5": {
      "KNN": {
        "RMSE": 4.786443289188524,
        "R2": 0.4525956782895104
      },
      "cent": {
        "RMSE": 7.0834147956518825,
        "R2": -0.19885797056205212
      },
      "med": {
        "RMSE": 5.308275491331463,
        "R2": 0.3267299517306994
      }
    },
    "7": {
      "KNN": {
        "RMSE": 4.588186098070021,
        "R2": 0.4970041106724219
      },
      "cent": {
        "RMSE": 7.0955576227549315,
        "R2": -0.20297180638339718
      },
      "med": {
        "RMSE": 5.2464038718491315,
        "R2": 0.34233333997688187
      }
    },
    "61": {
      "KNN": {
        "RMSE": 4.548384900391706,
        "R2": 0.5056929498860955
      },
      "cent": {
        "RMSE": 7.049602563246684,
        "R2": -0.18743994202107217
      },
      "med": {
        "RMSE": 5.3535991601476,
        "R2": 0.31518370014479
      }
    },
    "mean": {
      "RMSE": 6.469322577688638,
      "R2": 0.0
    }
  },
  "3": {
    "1": {
      "KNN": {
        "RMSE": 21.289529971344415,
        "R2": -10.11100087021281
      },
      "cent": {
        "RMSE": 21.289529971344415,
        "R2": -10.11100087021281
      },
      "med": {
        "RMSE": 21.289529971344415,
        "R2": -10.11100087021281
      }
    },
    "3": {
      "KNN": {
        "RMSE": 5.030352083327586,
        "R2": 0.37967711784464386
      },
      "cent": {
        "RMSE": 8.559861542266889,
        "R2": -0.7961992677393721
      },
      "med": {
        "RMSE": 5.524330703639594,
        "R2": 0.2518643106758124
      }
    },
    "5": {
      "KNN": {
        "RMSE": 4.692753052900994,
        "R2": 0.4601458590615618
      },
      "cent": {
        "RMSE": 7.117234896091774,
        "R2": -0.24177706408163058
      },
      "med": {
        "RMSE": 5.2122183692204915,
        "R2": 0.3340122513068041
      }
    },
    "7": {
      "KNN": {
        "RMSE": 4.549701318442536,
        "R2": 0.49255753426659565
      },
      "cent": {
        "RMSE": 7.041099822572838,
        "R2": -0.21535188239895509
      },
      "med": {
        "RMSE": 5.238250772904488,
        "R2": 0.3273430919838989
      }
    },
    "61": {
      "KNN": {
        "RMSE": 4.501475698496114,
        "R2": 0.5032580303662888
      },
      "cent": {
        "RMSE": 6.871340887826866,
        "R2": -0.15745475679229481
      },
      "med": {
        "RMSE": 5.296379949936243,
        "R2": 0.31233123126955675
      }
    },
    "mean": {
      "RMSE": 6.3868906758273605,
      "R2": 0.0
    }
  },
  "4": {
    "1": {
      "KNN": {
        "RMSE": 21.89654467807876,
        "R2": -8.856040006491009
      },
      "cent": {
        "RMSE": 21.89654467807876,
        "R2": -8.856040006491009
      },
      "med": {
        "RMSE": 21.89654467807876,
        "R2": -8.856040006491009
      }
    },
    "3": {
      "KNN": {
        "RMSE": 5.210537309778092,
        "R2": 0.4418945000747563
      },
      "cent": {
        "RMSE": 8.76838766157646,
        "R2": -0.5804864138991292
      },
      "med": {
        "RMSE": 5.707159596664898,
        "R2": 0.3304371993142018
      }
    },
    "5": {
      "KNN": {
        "RMSE": 4.997445927476158,
        "R2": 0.48660989978073044
      },
      "cent": {
        "RMSE": 7.4348420549033225,
        "R2": -0.13630462948489264
      },
      "med": {
        "RMSE": 5.511539010339001,
        "R2": 0.3755508860363721
      }
    },
    "7": {
      "KNN": {
        "RMSE": 4.953087892167543,
        "R2": 0.49568329785102316
      },
      "cent": {
        "RMSE": 7.398047657084503,
        "R2": -0.12508551061349693
      },
      "med": {
        "RMSE": 5.483314768822481,
        "R2": 0.38193003906007417
      }
    },
    "61": {
      "KNN": {
        "RMSE": 4.864619268716578,
        "R2": 0.5135379184525035
      },
      "cent": {
        "RMSE": 7.212934315776413,
        "R2": -0.06948632795666221
      },
      "med": {
        "RMSE": 5.596444951320382,
        "R2": 0.3561632612613871
      }
    },
    "mean": {
      "RMSE": 6.974681155406807,
      "R2": 0.0
    }
  },
  "5": {
    "1": {
      "KNN": {
        "RMSE": 21.7802544648574,
        "R2": -9.012203549438754
      },
      "cent": {
        "RMSE": 21.7802544648574,