{
  "0": {
    "1": {
      "KNN": {
        "RMSE": 1.7879242403177606,
        "R2": 0.0
      },
      "cent": {
        "RMSE": 1.7879242403177606,
        "R2": 0.0
      },
      "med": {
        "RMSE": 1.7879242403177606,
        "R2": 0.0
      }
    },
    "3": {
      "KNN": {
        "RMSE": 1.2948775611920245,
        "R2": 0.4754834630455249
      },
      "cent": {
        "RMSE": 18.994421924815857,
        "R2": -111.86360982183342
      },
      "med": {
        "RMSE": 355.85189134512524,
        "R2": -39612.236963472926
      }
    },
    "5": {
      "KNN": {
        "RMSE": 1.2037858103854464,
        "R2": 0.546684869898239
      },
      "cent": {
        "RMSE": 18.83996651557256,
        "R2": -110.03554489710686
      },
      "med": {
        "RMSE": 374.6492968814043,
        "R2": -43907.80510479506
      }
    },
    "7": {
      "KNN": {
        "RMSE": 1.4425216307895854,
        "R2": 0.3490517806212752
      },
      "cent": {
        "RMSE": 18.8992571577887,
        "R2": -110.735517257731
      },
      "med": {
        "RMSE": 358.46107550319766,
        "R2": -40195.272521081926
      }
    },
    "13": {
      "KNN": {
        "RMSE": 1.2493739423461556,
        "R2": 0.5117000693226001
      },
      "cent": {
        "RMSE": 19.07193726698174,
        "R2": -112.78667163500677
      },
      "med": {
        "RMSE": 342.70717451887316,
        "R2": -36739.76272190663
      }
    },
    "mean": {
      "RMSE": 1.7879242403177606,
      "R2": 0.0
    }
  },
  "1": {
    "1": {
      "KNN": {
        "RMSE": 2.0811129391992624,
        "R2": 2.220446049250313e-16
      },
      "cent": {
        "RMSE": 2.0811129391992624,
        "R2": 2.220446049250313e-16
      },
      "med": {
        "RMSE": 2.0811129391992624,
        "R2": 2.220446049250313e-16
      }
    },
    "3": {
      "KNN": {
        "RMSE": 0.8657975083627868,
        "R2": 0.8269222007148992
      },
      "cent": {
        "RMSE": 19.488538085001217,
        "R2": -86.69346396478223
      },
      "med": {
        "RMSE": 444.2563047991898,
        "R2": -45568.67183097626
      }
    },
    "5": {
      "KNN": {
        "RMSE": 1.0720280749575846,
        "R2": 0.7346488224021015
      },
      "cent": {
        "RMSE": 19.009866551442276,
        "R2": -82.43856712674499
      },
      "med": {
        "RMSE": 512.3528339491029,
        "R2": -60609.37717657019
      }
    },
    "7": {
      "KNN": {
        "RMSE": 0.5985205564174367,
        "R2": 0.9172883197973263
      },
      "cent": {
        "RMSE": 19.641812836381625,
        "R2": -88.07828312629756
      },
      "med": {
        "RMSE": 616.6431117245136,
        "R2": -87795.35183143294
      }
    },
    "13": {
      "KNN": {
        "RMSE": 0.6183796094668946,
        "R2": 0.9117084741246492
      },
      "cent": {
        "RMSE": 19.538875908239767,
        "R2": -87.14706382062414
      },
      "med": {
        "RMSE": 579.9987507465543,
        "R2": -77670.70121025022
      }
    },
    "mean": {
      "RMSE": 2.081112939199263,
      "R2": 0.0
    }
  },
  "2": {
    "1": {
      "KNN": {
        "RMSE": 4.453756880559165,
        "R2": 0.0
      },
      "cent": {
        "RMSE": 4.453756880559165,
        "R2": 0.0
      },
      "med": {
        "RMSE": 4.453756880559165,
        "R2": 0.0
      }
    },
    "3": {
      "KNN": {
        "RMSE": 1.6793162594976072,
        "R2": 0.8578286873332162
      },
      "cent": {
        "RMSE": 15.734025148925282,
        "R2": -11.480347198133314
      },
      "med": {
        "RMSE": 825.3592780225985,
        "R2": -34341.591393875045
      }
    },
    "5": {
      "KNN": {
        "RMSE": 1.414941978073794,
        "R2": 0.8990690758004686
      },
      "cent": {
        "RMSE": 16.923314406132995,
        "R2": -13.438358909914315
      },
      "med": {
        "RMSE": 736.7769749847068,
        "R2": -27365.488686373574
      }
    },
    "7": {
      "KNN": {
        "RMSE": 1.6260507523030512,
        "R2": 0.8667045943218472
      },
      "cent": {
        "RMSE": 16.965116050007918,
        "R2": -13.509774298455413
      },
      "med": {
        "RMSE": 776.2537683014057,
        "R2": -30376.66792796308
      }
    },
    "13": {
      "KNN": {
        "RMSE": 1.5346665459222473,
        "R2": 0.881266016223973
      },
      "cent": {
        "RMSE": 16.767143215080903,
        "R2": -13.1731092596249
      },
      "med": {
        "RMSE": 750.7811738742284,
        "R2": -28415.70608496493
      }
    },
    "mean": {
      "RMSE": 4.453756880559165,
      "R2": 0.0
    }
  },
  "3": {
    "1": {
      "KNN": {
        "RMSE": 7.585154805948431,
        "R2": 0.0
      },
      "cent": {
        "RMSE": 7.585154805948431,
        "R2": 0.0
      },
      "med": {
        "RMSE": 7.585154805948431,
        "R2": 0.0
      }
    },
    "3": {
      "KNN": {
        "RMSE": 4.762663012309561,
        "R2": 0.6057508100526866
      },
      "cent": {
        "RMSE": 18.655595309057468,
        "R2": -5.049079980709984
      },
      "med": {
        "RMSE": 779.8811160067453,
        "R2": -10570.288163659981
      }
    },
    "5": {
      "KNN": {
        "RMSE": 5.410771755353927,
        "R2": 0.49115029028498447
      },
      "cent": {
        "RMSE": 18.672668754449962,
        "R2": -5.060157182470385
      },
      "med": {
        "RMSE": 646.6913773578658,
        "R2": -7267.842238942816
      }
    },
    "7": {
      "KNN": {
        "RMSE": 4.8691555341932835,
        "R2": 0.587922979129636
      },
      "cent": {
        "RMSE": 18.81235699635546,
        "R2": -5.1511671097667895
      },
      "med": {
        "RMSE": 633.5077869777456,
        "R2": -6974.494771822931
      }
    },
    "13": {
      "KNN": {
        "RMSE": 4.924215083782347,
        "R2": 0.5785508999946677
      },
      "cent": {
        "RMSE": 19.011818001034943,
        "R2": -5.282296055309497
      },
      "med": {
        "RMSE": 633.3290585937108,
        "R2": -6970.5594041171225
      }
    },
    "mean": {
      "RMSE": 7.585154805948431,
      "R2": 0.0
    }
  },
  "4": {
    "1": {
      "KNN": {
        "RMSE": 2.0684714596330216,
        "R2": 0.0
      },
      "cent": {
        "RMSE": 2.0684714596330216,
        "R2": 0.0
      },
      "med": {
        "RMSE": 2.0684714596330216,
        "R2": 0.0
      }
    },
    "3": {
      "KNN": {
        "RMSE": 0.8631160022405188,
        "R2": 0.8258837635853056
      },
      "cent": {
        "RMSE": 19.40451422903077,
        "R2": -87.00482513191368
      },
      "med": {
        "RMSE": 372.30790743571134,
        "R2": -32396.049140633575
      }
    },
    "5": {
      "KNN": {
        "RMSE": 0.9081479436265878,
        "R2": 0.8072412320206688
      },
      "cent": {
        "RMSE": 19.444720423511168,
        "R2": -87.3698953208111
      },
      "med": {
        "RMSE": 398.0140057422423,
        "R2": -37024.219647424114
      }
    },
    "7": {
      "KNN": {
        "RMSE": 0.9619618278102336,
        "R2": 0.7837198750374681
      },
      "cent": {
        "RMSE": 19.759059772777167,
        "R2": -90.25012837023263
      },
      "med": {
        "RMSE": 373.69778977654204,
        "R2": -32638.386915148938
      }
    },
    "13": {
      "KNN": {
        "RMSE": 0.7029372811833148,
        "R2": 0.8845127370547676
      },
      "cent": {
        "RMSE": 19.710527288212138,
        "R2": -89.80241914642491
      },
      "med": {
        "RMSE": 328.12827702553614,
        "R2": -25163.49678592469
      }
    },
    "mean": {
      "RMSE": 2.0684714596330216,
      "R2": 0.0
    }
  },
  "5": {
    "1": {
      "KNN": {
        "RMSE": 3.299924928637911,
        "R2": -2.220446049250313e-16
      },
      "cent": {
        "RMSE": 3.299924928637911,
        "R2": -2.220446049250313e-16
      },
      "med": {
        "RMSE": 3.299924928637911,
        "R2": -2.220446049250313e-16
      }
    },