{
  "0": {
    "1": {
      "KNN": {
        "RMSE": -7.979206739090098e+16,
        "R2": 1.1102230246251565e-16
      },
      "cent": {
        "RMSE": -7.979206739090098e+16,
        "R2": 1.1102230246251565e-16
      },
      "med": {
        "RMSE": -7.979206739090098e+16,
        "R2": 1.1102230246251565e-16
      }
    },
    "3": {
      "KNN": {
        "RMSE": -9.78475980047399e+16,
        "R2": -0.5037682203665927
      },
      "cent": {
        "RMSE": -1.0364219470195632e+17,
        "R2": -0.6871502728700885
      },
      "med": {
        "RMSE": -1.0339123507300557e+17,
        "R2": -0.6789896199922512
      }
    },
    "5": {
      "KNN": {
        "RMSE": -9.332209640849843e+16,
        "R2": -0.36788484289719414
      },
      "cent": {
        "RMSE": -9.52313817775174e+16,
        "R2": -0.42442876861708667
      },
      "med": {
        "RMSE": -8.730380309681382e+16,
        "R2": -0.1971453695392973
      }
    },
    "7": {
      "KNN": {
        "RMSE": -9.288471491277867e+16,
        "R2": -0.3550928993772777
      },
      "cent": {
        "RMSE": -9.846251601098694e+16,
        "R2": -0.5227283128036182
      },
      "med": {
        "RMSE": -8.123840519892323e+16,
        "R2": -0.036581235657664024
      }
    },
    "21": {
      "KNN": {
        "RMSE": -9.441368320348392e+16,
        "R2": -0.4000722422575027
      },
      "cent": {
        "RMSE": -8.532080669726552e+16,
        "R2": -0.14337968244255617
      },
      "med": {
        "RMSE": -8.017387178228622e+16,
        "R2": -0.009592879827489575
      }
    },
    "mean": {
      "RMSE": -7.979206739090098e+16,
      "R2": 0.0
    }
  },
  "1": {
    "1": {
      "KNN": {
        "RMSE": 1.8206468597179235e+17,
        "R2": 0.0
      },
      "cent": {
        "RMSE": 1.8206468597179235e+17,
        "R2": 0.0
      },
      "med": {
        "RMSE": 1.8206468597179235e+17,
        "R2": 0.0
      }
    },
    "3": {
      "KNN": {
        "RMSE": 2.0251795222428362e+17,
        "R2": -0.23730173494146367
      },
      "cent": {
        "RMSE": 2.48049029562276e+17,
        "R2": -0.8561951424231657
      },
      "med": {
        "RMSE": 2.732460959692202e+17,
        "R2": -1.2524569459041004
      }
    },
    "5": {
      "KNN": {
        "RMSE": 2.1407562839457325e+17,
        "R2": -0.3825569262643298
      },
      "cent": {
        "RMSE": 2.3260579722094054e+17,
        "R2": -0.6322611203516744
      },
      "med": {
        "RMSE": 1.964861967512264e+17,
        "R2": -0.16469620396819717
      }
    },
    "7": {
      "KNN": {
        "RMSE": 2.3152541768514624e+17,
        "R2": -0.6171336714647031
      },
      "cent": {
        "RMSE": 2.0278316729789354e+17,
        "R2": -0.2405445678701077
      },
      "med": {
        "RMSE": 1.83815221106197e+17,
        "R2": -0.01932226166548956
      }
    },
    "21": {
      "KNN": {
        "RMSE": 2.0420793006925053e+17,
        "R2": -0.2580380407191267
      },
      "cent": {
        "RMSE": 1.828464668695329e+17,
        "R2": -0.008606384776966625
      },
      "med": {
        "RMSE": 1.836986900545159e+17,
        "R2": -0.018030257196604227
      }
    },
    "mean": {
      "RMSE": 1.8206468597179235e+17,
      "R2": 0.0
    }
  },
  "2": {
    "1": {
      "KNN": {
        "RMSE": 2.965939039452391e+17,
        "R2": 0.0
      },
      "cent": {
        "RMSE": 2.965939039452391e+17,
        "R2": 0.0
      },
      "med": {
        "RMSE": 2.965939039452391e+17,
        "R2": 0.0
      }
    },
    "3": {
      "KNN": {
        "RMSE": 3.718803927514762e+17,
        "R2": -0.5721070704693569
      },
      "cent": {
        "RMSE": 4.0793117748901165e+17,
        "R2": -0.8916873382556159
      },
      "med": {
        "RMSE": 4.731897623285054e+17,
        "R2": -1.5453425572305681
      }
    },
    "5": {
      "KNN": {
        "RMSE": 3.4991357827944634e+17,
        "R2": -0.3918651146683383
      },
      "cent": {
        "RMSE": 3.915853774783077e+17,
        "R2": -0.7431248376483917
      },
      "med": {
        "RMSE": 3.059847281751591e+17,
        "R2": -0.0643269556023307
      }
    },
    "7": {
      "KNN": {
        "RMSE": 3.757390525482313e+17,
        "R2": -0.6049009379891457
      },
      "cent": {
        "RMSE": 3.537356612768343e+17,
        "R2": -0.4224376809544199
      },
      "med": {
        "RMSE": 2.932958109081047e+17,
        "R2": 0.02211613771929344
      }
    },
    "21": {
      "KNN": {
        "RMSE": 3.2088107724502694e+17,
        "R2": -0.17047939532096268
      },
      "cent": {
        "RMSE": 3.3763399877417325e+17,
        "R2": -0.2958892993217106
      },
      "med": {
        "RMSE": 2.934349220377856e+17,
        "R2": 0.021188290920795105
      }
    },
    "mean": {
      "RMSE": 2.965939039452391e+17,
      "R2": 0.0
    }
  },
  "3": {
    "1": {
      "KNN": {
        "RMSE": -4.403657593679829e+17,
        "R2": 0.0
      },
      "cent": {
        "RMSE": -4.403657593679829e+17,
        "R2": 0.0
      },
      "med": {
        "RMSE": -4.403657593679829e+17,
        "R2": 0.0
      }
    },
    "3": {
      "KNN": {
        "RMSE": -5.558002805458586e+17,
        "R2": -0.5929804180602338
      },
      "cent": {
        "RMSE": -6.101127551460792e+17,
        "R2": -0.9195221280067531
      },
      "med": {
        "RMSE": -6.718849367482217e+17,
        "R2": -1.3278914384036584
      }
    },
    "5": {
      "KNN": {
        "RMSE": -5.918516811619199e+17,
        "R2": -0.8063366138892691
      },
      "cent": {
        "RMSE": -5.251151577203142e+17,
        "R2": -0.4219424613503795
      },
      "med": {
        "RMSE": -4.735617203886679e+17,
        "R2": -0.15644795679254897
      }
    },
    "7": {
      "KNN": {
        "RMSE": -5.6648963093184646e+17,
        "R2": -0.6548431771760135
      },
      "cent": {
        "RMSE": -5.0723903523584966e+17,
        "R2": -0.3267779632117116
      },
      "med": {
        "RMSE": -4.5476136922599686e+17,
        "R2": -0.06644888554206285
      }
    },
    "21": {
      "KNN": {
        "RMSE": -4.533148516198137e+17,
        "R2": -0.059675294987604266
      },
      "cent": {
        "RMSE": -5.430929129560321e+17,
        "R2": -0.5209718805757797
      },
      "med": {
        "RMSE": -4.550827508896285e+17,
        "R2": -0.06795674547500852
      }
    },
    "mean": {
      "RMSE": -4.403657593679829e+17,
      "R2": 0.0
    }
  },
  "4": {
    "1": {
      "KNN": {
        "RMSE": -7.55540533936426e+16,
        "R2": 0.0
      },
      "cent": {
        "RMSE": -7.55540533936426e+16,
        "R2": 0.0
      },
      "med": {
        "RMSE": -7.55540533936426e+16,
        "R2": 0.0
      }
    },
    "3": {
      "KNN": {
        "RMSE": -9.920205276767437e+16,
        "R2": -0.7239544252726424
      },
      "cent": {
        "RMSE": -1.0470070667584474e+17,
        "R2": -0.9203645860970158
      },
      "med": {
        "RMSE": -1.0956734914538714e+17,
        "R2": -1.1030363125237703
      }
    },
    "5": {
      "KNN": {
        "RMSE": -9.566043243207278e+16,
        "R2": -0.6030576540781307
      },
      "cent": {
        "RMSE": -1.0597639787752686e+17,
        "R2": -0.9674457687752265
      },
      "med": {
        "RMSE": -7.363736474199528e+16,
        "R2": 0.0500933269313375
      }
    },
    "7": {
      "KNN": {
        "RMSE": -9.129395804175734e+16,
        "R2": -0.460052711301695
      },
      "cent": {
        "RMSE": -9.748151587048894e+16,
        "R2": -0.664673287189979
      },
      "med": {
        "RMSE": -7.695409040388394e+16,
        "R2": -0.03740391094031814
      }
    },
    "21": {
      "KNN": {
        "RMSE": -7.56170003458026e+16,
        "R2": -0.0016669700983611424
      },
      "cent": {
        "RMSE": -9.032939292361438e+16,
        "R2": -0.429363360673537
      },
      "med": {
        "RMSE": -7.76653371525479e+16,
        "R2": -0.05666890226172705
      }
    },