{
  "breastCancer": {
    "isShuffled": false,
    "1": {
      "Precision": 0.9495650372825186,
      "Recall": 0.9398621947512413,
      "Accuracy": 0.9507936507936507,
      "F1Score": 0.9446887023415633
    },
    "2": {
      "Precision": 0.9515299245147376,
      "Recall": 0.9465886744658867,
      "Accuracy": 0.953968253968254,
      "F1Score": 0.9490528678711134
    },
    "3": {
      "Precision": 0.9511904761904761,
      "Recall": 0.9460072849537686,
      "Accuracy": 0.953968253968254,
      "F1Score": 0.9485918002687542
    },
    "4": {
      "Precision": 0.9438791242676534,
      "Recall": 0.9299914812643131,
      "Accuracy": 0.9428571428571428,
      "F1Score": 0.9368838406672613
    },
    "5": {
      "Precision": 0.950792782941498,
      "Recall": 0.950792782941498,
      "Accuracy": 0.9555555555555556,
      "F1Score": 0.950792782941498
    },
    "6": {
      "Precision": 0.9483307382304451,
      "Recall": 0.9472196525850549,
      "Accuracy": 0.953968253968254,
      "F1Score": 0.9477748697737501
    },
    "7": {
      "Precision": 0.9491934759166067,
      "Recall": 0.9452324752828004,
      "Accuracy": 0.9523809523809523,
      "F1Score": 0.9472088346286587
    },
    "8": {
      "Precision": 0.9583521556615726,
      "Recall": 0.9583521556615726,
      "Accuracy": 0.9619047619047619,
      "F1Score": 0.9583521556615726
    },
    "9": {
      "Precision": 0.9543075841599625,
      "Recall": 0.9543075841599625,
      "Accuracy": 0.9587301587301588,
      "F1Score": 0.9543075841599625
    },
    "10": {
      "Precision": 0.9569179784589892,
      "Recall": 0.9510325086894296,
      "Accuracy": 0.9581320450885669,
      "F1Score": 0.9539661660969263
    }
  },
  "glass": {
    "isShuffled": false,
    "1": {
      "Precision": 0.447852597759776,
      "Recall": 0.39858319048361124,
      "Accuracy": 0.8583765112262521,
      "F1Score": 0.42178395517023315
    },
    "2": {
      "Precision": 0.3695017566272756,
      "Recall": 0.37470067523056655,
      "Accuracy": 0.85146804835924,
      "F1Score": 0.3720830563842282
    },
    "3": {
      "Precision": 0.581980056980057,
      "Recall": 0.2847055644397062,
      "Accuracy": 0.8134715025906735,
      "F1Score": 0.3823600081047362
    },
    "4": {
      "Precision": 0.3086213303604608,
      "Recall": 0.34299297164968806,
      "Accuracy": 0.8393782383419689,
      "F1Score": 0.32490062568689865
    },
    "5": {
      "Precision": 0.27822083525967023,
      "Recall": 0.27224094580859143,
      "Accuracy": 0.8324697754749568,
      "F1Score": 0.2751984095526377
    },
    "6": {
      "Precision": 0.3290534072441506,
      "Recall": 0.3395386904761904,
      "Accuracy": 0.8324697754749567,
      "F1Score": 0.33421383044566116
    },
    "7": {
      "Precision": 0.269449502172548,
      "Recall": 0.29489761206179116,
      "Accuracy": 0.8169257340241796,
      "F1Score": 0.28159979118428835
    },
    "8": {
      "Precision": 0.29589642640823743,
      "Recall": 0.3428991457160471,
      "Accuracy": 0.8376511226252159,
      "F1Score": 0.31766855082732215
    },
    "9": {
      "Precision": 0.459158566129837,
      "Recall": 0.3598093800992352,
      "Accuracy": 0.8169257340241796,
      "F1Score": 0.4034579370465858
    },
    "10": {
      "Precision": 0.6431795739878685,
      "Recall": 0.3235751539673108,
      "Accuracy": 0.818342151675485,
      "F1Score": 0.43054752909654787
    }
  },
  "iris": {
    "isShuffled": false,
    "1": {
      "Precision": 0.8974313656180041,
      "Recall": 0.8987749838813669,
      "Accuracy": 0.9308641975308642,
      "F1Score": 0.8981026722155423
    },
    "2": {
      "Precision": 0.8805190428041794,
      "Recall": 0.8803030303030304,
      "Accuracy": 0.9209876543209877,
      "F1Score": 0.880411023303714
    },
    "3": {
      "Precision": 0.9075375375375375,
      "Recall": 0.9054750402576489,
      "Accuracy": 0.9358024691358025,
      "F1Score": 0.9065051157410797
    },
    "4": {
      "Precision": 0.9624338624338624,
      "Recall": 0.9624338624338624,
      "Accuracy": 0.9753086419753085,
      "F1Score": 0.9624338624338624
    },
    "5": {
      "Precision": 0.9209150326797385,
      "Recall": 0.9179586563307494,
      "Accuracy": 0.945679012345679,
      "F1Score": 0.9194344680067469
    },
    "6": {
      "Precision": 0.8472882672882672,
      "Recall": 0.8375661375661375,
      "Accuracy": 0.8962962962962964,
      "F1Score": 0.8423991525832332
    },
    "7": {
      "Precision": 0.8932330827067668,
      "Recall": 0.8806818181818182,
      "Accuracy": 0.9160493827160495,
      "F1Score": 0.886913047457121
    },
    "8": {
      "Precision": 0.8938845822566753,
      "Recall": 0.8938845822566753,
      "Accuracy": 0.9308641975308642,
      "F1Score": 0.8938845822566753
    },
    "9": {
      "Precision": 0.851146601146601,
      "Recall": 0.7847222222222223,
      "Accuracy": 0.8469135802469135,
      "F1Score": 0.8165858322468493
    },
    "10": {
      "Precision": 0.9034914361001318,
      "Recall": 0.9038429820221013,
      "Accuracy": 0.9358024691358025,
      "F1Score": 0.903667174871391
    }
  },
  "soybeanSmall": {
    "isShuffled": false,
    "1": {
      "Precision": 0.046511627906976744,
      "Recall": 0.25,
      "Accuracy": 0.5930232558139534,
      "F1Score": 0.07843137254901962
    },
    "2": {
      "Precision": 0.046511627906976744,
      "Recall": 0.25,
      "Accuracy": 0.5930232558139535,
      "F1Score": 0.07843137254901962
    },
    "3": {
      "Precision": 0.29878048780487804,
      "Recall": 0.3055555555555556,
      "Accuracy": 0.6162790697674418,
      "F1Score": 0.3021300448430493
    },
    "4": {
      "Precision": 0.26151315789473684,
      "Recall": 0.5,
      "Accuracy": 0.7674418604651163,
      "F1Score": 0.3434125269978402
    },
    "5": {
      "Precision": 0.30714285714285716,
      "Recall": 0.5,
      "Accuracy": 0.686046511627907,
      "F1Score": 0.38053097345132747
    },
    "6": {
      "Precision": 0.2638888888888889,
      "Recall": 0.5,
      "Accuracy": 0.7674418604651163,
      "F1Score": 0.34545454545454546
    },
    "7": {
      "Precision": 0.08139534883720931,
      "Recall": 0.25,
      "Accuracy": 0.6627906976744187,
      "F1Score": 0.12280701754385964
    },
    "8": {
      "Precision": 0.31363636363636366,
      "Recall": 0.5,
      "Accuracy": 0.7674418604651163,
      "F1Score": 0.3854748603351955
    },
    "9": {
      "Precision": 0.046511627906976744,
      "Recall": 0.25,
      "Accuracy": 0.5930232558139534,
      "F1Score": 0.07843137254901962
    },
    "10": {
      "Precision": 0.3467741935483871,
      "Recall": 0.45833333333333337,
      "Accuracy": 0.7361111111111112,
      "F1Score": 0.3948247078464107
    }
  },
  "vote": {
    "isShuffled": false,
    "1": {
      "Precision": 0.891326367416569,
      "Recall": 0.9054740795978677,
      "Accuracy": 0.9005102040816326,
      "F1Score": 0.8983445251239345
    },
    "2": {
      "Precision": 0.8791537439078423,
      "Recall": 0.8735676088617266,
      "Accuracy": 0.8826530612244898,
      "F1Score": 0.8763517745406024
    },
    "3": {
      "Precision": 0.9081585081585082,
      "Recall": 0.8804867448935245,
      "Accuracy": 0.8979591836734694,
      "F1Score": 0.894108574443613
    },
    "4": {
      "Precision": 0.8939454424484365,
      "Recall": 0.9088297842958544,
      "Accuracy": 0.9030612244897959,
      "F1Score": 0.901326168210002
    },
    "5": {
      "Precision": 0.9096240082787168,
      "Recall": 0.9263678294252493,
      "Accuracy": 0.9183673469387755,
      "F1Score": 0.9179195689628307
    },
    "6": {
      "Precision": 0.8971580723399768,
      "Recall": 0.9160797635816278,
      "Accuracy": 0.9056122448979592,
      "F1Score": 0.906520191143958
    },
    "7": {
      "Precision": 0.8665206101914963,
      "Recall": 0.8723722898518864,
      "Accuracy": 0.875,
      "F1Score": 0.8694366040573864
    },