{
  "breastCancer": {
    "isShuffled": false,
    "1": {
      "Precision": 0.9322986447872328,
      "Recall": 0.9104941398993481,
      "Accuracy": 0.9301587301587302,
      "F1Score": 0.9212673934571008
    },
    "2": {
      "Precision": 0.9462431904615068,
      "Recall": 0.9341065893410658,
      "Accuracy": 0.946031746031746,
      "F1Score": 0.9401357224313989
    },
    "3": {
      "Precision": 0.949608334006299,
      "Recall": 0.9367890165312412,
      "Accuracy": 0.9492063492063492,
      "F1Score": 0.9431551173989291
    },
    "4": {
      "Precision": 0.9402356902356903,
      "Recall": 0.916599364966976,
      "Accuracy": 0.9349206349206349,
      "F1Score": 0.9282670899330431
    },
    "5": {
      "Precision": 0.9424315619967794,
      "Recall": 0.9414590330391315,
      "Accuracy": 0.9476190476190476,
      "F1Score": 0.9419450464915486
    },
    "6": {
      "Precision": 0.9405813953488372,
      "Recall": 0.9327268989618666,
      "Accuracy": 0.9444444444444444,
      "F1Score": 0.9366376808017676
    },
    "7": {
      "Precision": 0.9412302211529564,
      "Recall": 0.9247238799323061,
      "Accuracy": 0.9396825396825397,
      "F1Score": 0.9329040425033837
    },
    "8": {
      "Precision": 0.9540732640787315,
      "Recall": 0.9483698945582354,
      "Accuracy": 0.9555555555555556,
      "F1Score": 0.9512130302000145
    },
    "9": {
      "Precision": 0.946857027318476,
      "Recall": 0.9438803405451848,
      "Accuracy": 0.9507936507936507,
      "F1Score": 0.9453663407549574
    },
    "10": {
      "Precision": 0.9484707293444665,
      "Recall": 0.9416956314318816,
      "Accuracy": 0.9500805152979066,
      "F1Score": 0.9450710380834867
    }
  },
  "glass": {
    "isShuffled": false,
    "1": {
      "Precision": 0.3231311668811669,
      "Recall": 0.31477585579969874,
      "Accuracy": 0.8411053540587218,
      "F1Score": 0.31889879237608065
    },
    "2": {
      "Precision": 0.4069008792421734,
      "Recall": 0.3761725955204216,
      "Accuracy": 0.853195164075993,
      "F1Score": 0.39093383902570533
    },
    "3": {
      "Precision": 0.31010031919744646,
      "Recall": 0.19638970326936747,
      "Accuracy": 0.7875647668393783,
      "F1Score": 0.24048058982213397
    },
    "4": {
      "Precision": 0.30610712753569896,
      "Recall": 0.32918581694701093,
      "Accuracy": 0.8359240069084629,
      "F1Score": 0.3172272751531695
    },
    "5": {
      "Precision": 0.3334821262507905,
      "Recall": 0.27432728828973413,
      "Accuracy": 0.8341968911917098,
      "F1Score": 0.30102609534809904
    },
    "6": {
      "Precision": 0.46982831202079794,
      "Recall": 0.2778422619047619,
      "Accuracy": 0.8065630397236614,
      "F1Score": 0.3491863006815392
    },
    "7": {
      "Precision": 0.3098255956767379,
      "Recall": 0.3146401691177811,
      "Accuracy": 0.8307426597582038,
      "F1Score": 0.3122143224387109
    },
    "8": {
      "Precision": 0.31105137395459975,
      "Recall": 0.3493452296269198,
      "Accuracy": 0.8428324697754749,
      "F1Score": 0.3290880451856382
    },
    "9": {
      "Precision": 0.5366045608526812,
      "Recall": 0.3044190913756131,
      "Accuracy": 0.8048359240069084,
      "F1Score": 0.3884615430493061
    },
    "10": {
      "Precision": 0.4671010467848751,
      "Recall": 0.2427031755463128,
      "Accuracy": 0.7971781305114639,
      "F1Score": 0.31943148205957017
    }
  },
  "iris": {
    "isShuffled": false,
    "1": {
      "Precision": 0.8323448532144185,
      "Recall": 0.8330109606705353,
      "Accuracy": 0.8864197530864196,
      "F1Score": 0.8326777737279591
    },
    "2": {
      "Precision": 0.9172245712943387,
      "Recall": 0.9176767676767676,
      "Accuracy": 0.945679012345679,
      "F1Score": 0.9174506137655087
    },
    "3": {
      "Precision": 0.9203811369509044,
      "Recall": 0.919645732689211,
      "Accuracy": 0.945679012345679,
      "F1Score": 0.9200132878604026
    },
    "4": {
      "Precision": 0.9318493909191584,
      "Recall": 0.9317460317460317,
      "Accuracy": 0.9555555555555556,
      "F1Score": 0.9317977084663295
    },
    "5": {
      "Precision": 0.8999527829716509,
      "Recall": 0.8947028423772609,
      "Accuracy": 0.9308641975308641,
      "F1Score": 0.8973201337983933
    },
    "6": {
      "Precision": 0.9040840840840841,
      "Recall": 0.8994708994708995,
      "Accuracy": 0.9358024691358025,
      "F1Score": 0.9017715919096004
    },
    "7": {
      "Precision": 0.9192307692307692,
      "Recall": 0.9154040404040403,
      "Accuracy": 0.9407407407407407,
      "F1Score": 0.9173134138723305
    },
    "8": {
      "Precision": 0.9319209537232793,
      "Recall": 0.9319552110249784,
      "Accuracy": 0.9555555555555556,
      "F1Score": 0.9319380820593112
    },
    "9": {
      "Precision": 0.800759144237405,
      "Recall": 0.7696256038647343,
      "Accuracy": 0.837037037037037,
      "F1Score": 0.7848837562625601
    },
    "10": {
      "Precision": 0.9259643660266391,
      "Recall": 0.925779317169718,
      "Accuracy": 0.9506172839506174,
      "F1Score": 0.925871832352007
    }
  },
  "soybeanSmall": {
    "isShuffled": false,
    "1": {
      "Precision": 0.047619047619047616,
      "Recall": 0.25,
      "Accuracy": 0.5930232558139534,
      "F1Score": 0.08
    },
    "2": {
      "Precision": 0.046511627906976744,
      "Recall": 0.25,
      "Accuracy": 0.5930232558139535,
      "F1Score": 0.07843137254901962
    },
    "3": {
      "Precision": 0.046511627906976744,
      "Recall": 0.25,
      "Accuracy": 0.5930232558139534,
      "F1Score": 0.07843137254901962
    },
    "4": {
      "Precision": 0.2618778280542986,
      "Recall": 0.5,
      "Accuracy": 0.7674418604651163,
      "F1Score": 0.3437268002969562
    },
    "5": {
      "Precision": 0.28104575163398693,
      "Recall": 0.5,
      "Accuracy": 0.686046511627907,
      "F1Score": 0.3598326359832636
    },
    "6": {
      "Precision": 0.2638888888888889,
      "Recall": 0.5,
      "Accuracy": 0.7674418604651163,
      "F1Score": 0.34545454545454546
    },
    "7": {
      "Precision": 0.08139534883720931,
      "Recall": 0.25,
      "Accuracy": 0.6627906976744187,
      "F1Score": 0.12280701754385964
    },
    "8": {
      "Precision": 0.2618778280542986,
      "Recall": 0.5,
      "Accuracy": 0.7674418604651163,
      "F1Score": 0.3437268002969562
    },
    "9": {
      "Precision": 0.046511627906976744,
      "Recall": 0.25,
      "Accuracy": 0.5930232558139534,
      "F1Score": 0.07843137254901962
    },
    "10": {
      "Precision": 0.3467741935483871,
      "Recall": 0.45833333333333337,
      "Accuracy": 0.7361111111111112,
      "F1Score": 0.3948247078464107
    }
  },
  "vote": {
    "isShuffled": false,
    "1": {
      "Precision": 0.891367137355584,
      "Recall": 0.9041759880686056,
      "Accuracy": 0.9005102040816326,
      "F1Score": 0.8977258755174333
    },
    "2": {
      "Precision": 0.8877551020408163,
      "Recall": 0.8810160427807487,
      "Accuracy": 0.8903061224489796,
      "F1Score": 0.8843727344244089
    },
    "3": {
      "Precision": 0.9082294337843015,
      "Recall": 0.8761951325510647,
      "Accuracy": 0.8954081632653061,
      "F1Score": 0.891924740484495
    },
    "4": {
      "Precision": 0.8965508049898709,
      "Recall": 0.9108873974645786,
      "Accuracy": 0.9056122448979592,
      "F1Score": 0.9036622423306089
    },
    "5": {
      "Precision": 0.9070924261874198,
      "Recall": 0.9204159416687381,
      "Accuracy": 0.9158163265306123,
      "F1Score": 0.9137056161436837
    },
    "6": {
      "Precision": 0.902061310782241,
      "Recall": 0.9201949899190764,
      "Accuracy": 0.9107142857142857,
      "F1Score": 0.9110379242065891
    },
    "7": {
      "Precision": 0.8771232283890511,
      "Recall": 0.8831441840015388,
      "Accuracy": 0.8852040816326531,
      "F1Score": 0.8801234089227805
    },
    "8": {
      "Precision": 0.8916666666666666,