{
    "parameters": {
        "mutation_rate": 0.3,
        "cross_over_prob": 0.7,
        "population_size": 110,
        "cost_function": "hubers",
        "maxIter": 1000,
        "architecture": [
            8
        ]
    },
    "Metrics": [
        0.5898532531465921,
        0.550960831583807,
        0.5551660435398178,
        0.5048739500346775,
        0.5628851552317897,
        0.507579010577648,
        0.517662737273976,
        0.5226222695563598,
        0.5382490217863553,
        0.527641862712199
    ],
    "Average": 0.5377494135443222,
    "Std": 0.02559348107561643
}