{
    "parameters": {
        "mutation_rate": 0.3,
        "cross_over_prob": 0.7,
        "population_size": 100,
        "cost_function": "log_cosh",
        "maxIter": 1000,
        "architecture": []
    },
    "Metrics": [
        0.5699952574129393,
        0.5378125045766395,
        0.5265664962184385,
        0.5801949861567148,
        0.575413981804409,
        0.46989045099929505,
        0.42350987927562644,
        0.513235038540706,
        0.5455668402836746,
        0.5055403997158819
    ],
    "Average": 0.5247725834984325
}