{
    "parameters": {
        "mutation_rate": 0.3,
        "cross_over_prob": 0.7,
        "population_size": 110,
        "cost_function": "hubers",
        "maxIter": 1000,
        "architecture": []
    },
    "Metrics": [
        0.5743187506444722,
        0.5343353390249387,
        0.5315657303875047,
        0.583505977205896,
        0.5826597985446833,
        0.4518327572158387,
        0.4188816941489787,
        0.5156976748642699,
        0.5527179850152694,
        0.5068621651036209
    ],
    "Average": 0.5252377872155473,
    "Std": 0.052065318686327314
}