{
    "parameters": {
        "mutation_rate": 0.3,
        "cross_over_prob": 0.7,
        "population_size": 110,
        "cost_function": "hubers",
        "maxIter": 1000,
        "architecture": [
            8,
            8
        ]
    },
    "Metrics": [
        0.5848692388840339,
        0.5043106828991101,
        0.5050003554799137,
        0.5610013148063155,
        0.5287251081117116,
        0.46313059972392223,
        0.5059359910896604,
        0.5287051621679728,
        0.5089898255213223,
        0.501479144355155
    ],
    "Average": 0.5192147423039117,
    "Std": 0.032252414033308814
}