{
    "parameters": {
        "mutation_rate": 0.3,
        "cross_over_prob": 0.7,
        "population_size": 110,
        "cost_function": "bin_cross",
        "maxIter": 1000,
        "architecture": [
            7
        ]
    },
    "Metrics": [
        0.9411764705882353,
        0.9264705882352942,
        1.0,
        0.9852941176470589,
        0.9852941176470589,
        0.9264705882352942,
        0.9852941176470589,
        0.9705882352941176,
        1.0,
        0.9436619718309859
    ],
    "Average": 0.966425021,
    "Std": 0.027727925108548872
}