{
    "parameters": {
        "mutation_rate": 0.3,
        "cross_over_prob": 0.7,
        "population_size": 110,
        "cost_function": "bin_cross",
        "maxIter": 1000,
        "architecture": []
    },
    "Metrics": [
        0.9558823529411765,
        0.9264705882352942,
        1.0,
        0.9852941176470589,
        0.9705882352941176,
        0.9558823529411765,
        1.0,
        0.9705882352941176,
        0.9852941176470589,
        0.9577464788732394
    ],
    "Average": 0.970774648,
    "Std": 0.021693514475007468
}