{
    "parameters": {
        "mutation_rate": 0.3,
        "cross_over_prob": 0.7,
        "population_size": 100,
        "cost_function": "bin_cross",
        "maxIter": 1000,
        "architecture": [
            6
        ]
    },
    "Metrics": [
        0.9558823529411765,
        0.9264705882352942,
        1.0,
        0.9852941176470589,
        0.9852941176470589,
        0.9411764705882353,
        1.0,
        0.9558823529411765,
        1.0,
        0.9436619718309859
    ],
    "Average": 0.9693661971830986
}