{
    "parameters": {
        "mutation_rate": 0.3,
        "cross_over_prob": 0.7,
        "population_size": 100,
        "cost_function": "log_cosh",
        "maxIter": 1000,
        "architecture": [
            6,
            16
        ]
    },
    "Metrics": [
        0.6400249403221754,
        0.8503250076153949,
        0.8297854358913683,
        0.9102475074194627,
        -0.678738533151789,
        0.848519362365899,
        0.7970845617213624,
        0.6190559481202814,
        0.8404355918577697,
        0.7523627178856703
    ],
    "Average": 0.6409102540047595
}