{
    "parameters": {
        "mutation_rate": 0.3,
        "cross_over_prob": 0.7,
        "population_size": 100,
        "cost_function": "log_cosh",
        "maxIter": 1000,
        "architecture": []
    },
    "Metrics": [
        0.7846684865727651,
        0.9387626328016755,
        0.8749793038513867,
        0.9604206479562063,
        0.5696593005535896,
        0.9754513249714046,
        0.8935304657635176,
        0.9311080026898642,
        0.9267885392119797,
        0.9503689631966888
    ],
    "Average": 0.880573766756908
}