{
    "parameters": {
        "mutation_rate": 0.3,
        "cross_over_prob": 0.7,
        "population_size": 100,
        "cost_function": "log_cosh",
        "maxIter": 1000,
        "architecture": [
            15
        ]
    },
    "Metrics": [
        0.8077752037857732,
        0.8765776682398476,
        0.8654204110905535,
        0.7064607816981419,
        0.18818575627668832,
        0.5902799767979998,
        0.876124553255565,
        0.6808967314586821,
        0.7185660298713369,
        0.7931601084067754
    ],
    "Average": 0.7103447220881363
}