{
    "parameters": {
        "mutation_rate": 0.3,
        "cross_over_prob": 0.7,
        "population_size": 110,
        "cost_function": "log_cosh",
        "maxIter": 1000,
        "architecture": [
            4,
            5
        ]
    },
    "Metrics": [
        -0.48956278477051396,
        -0.1522662623644664,
        -0.2199707050197821,
        -0.6863243839193154,
        -0.15711124890158623,
        -0.019502146179041002,
        -0.0993936176286927,
        -0.16584425743777076,
        -0.14805449324981534,
        -0.027786381139573546
    ],
    "Average": -0.21658162806105574,
    "Std": 0.19958679638587332
}