{
    "parameters": {
        "mutation_rate": 0.3,
        "cross_over_prob": 0.7,
        "population_size": 110,
        "cost_function": "log_cosh",
        "maxIter": 1000,
        "architecture": []
    },
    "Metrics": [
        -0.09308791160042973,
        -0.13009765530002904,
        -0.08871249763966893,
        -0.9282813004795643,
        -0.000723455585279309,
        0.001237555705474569,
        -0.03848791896482706,
        -0.06228862192134077,
        -0.08824032291031125,
        -0.04409703288679401
    ],
    "Average": -0.14727791615827698,
    "Std": 0.2633159971469442
}