{
    "parameters": {
        "mutation_rate": 0.3,
        "cross_over_prob": 0.7,
        "population_size": 110,
        "cost_function": "log_cosh",
        "maxIter": 1000,
        "architecture": [
            12
        ]
    },
    "Metrics": [
        -0.20550486438533921,
        0.0299452779505488,
        -0.18491243300611115,
        -0.47807171817395266,
        -0.21375064041290992,
        -0.05660398474565698,
        -0.03487447288673917,
        0.06761120205185822,
        -0.3090671172787227,
        -0.37103780281481535
    ],
    "Average": -0.17562665537018401,
    "Std": 0.16890805450276772
}