{
    "parameters": {
        "mutation_rate": 0.35,
        "cross_over_prob": 0.65,
        "population_size": 100,
        "cost_function": "log_cosh",
        "maxIter": 1000,
        "architecture": [
            7
        ]
    },
    "Metrics": [
        0.6666666666666666,
        0.6190476190476191,
        0.47619047619047616,
        0.6666666666666666,
        0.5714285714285714,
        0.42857142857142855,
        0.7142857142857143,
        0.6666666666666666,
        0.5714285714285714,
        0.68
    ],
    "Average": 0.606095238095238
}