{
    "parameters": {
        "mutation_rate": 0.35,
        "cross_over_prob": 0.65,
        "population_size": 100,
        "cost_function": "log_cosh",
        "maxIter": 1000,
        "architecture": [
            4,
            7
        ]
    },
    "Metrics": [
        0.5714285714285714,
        0.5714285714285714,
        0.42857142857142855,
        0.6666666666666666,
        0.6666666666666666,
        0.5238095238095238,
        0.47619047619047616,
        0.7619047619047619,
        0.5238095238095238,
        0.52
    ],
    "Average": 0.5710476190476191
}