{
    "parameters": {
        "mutation_rate": 0.5,
        "population_size": 110,
        "network_architecture": [
            8,
            8
        ],
        "cost_func": "log_cosh",
        "maxIter": 1000,
        "batch_size": 0.6
    },
    "Metrics": [
        0.5139330891317373,
        0.3437378841720622,
        0.3577145986408846,
        0.3993697627062154,
        0.47760723089138957,
        0.4579427482648244,
        0.4746621249365667,
        0.4094006254818978,
        0.31951554842720264,
        0.3630844286474224
    ],
    "Average": 0.4116968041300203,
    "Std": 0.06280925883258766
}