{
    "parameters": {
        "mutation_rate": 0.5,
        "population_size": 110,
        "network_architecture": [],
        "cost_func": "log_cosh",
        "maxIter": 1000,
        "batch_size": 0.6
    },
    "Metrics": [
        0.541652962450317,
        0.3881910084800173,
        0.5146407752459761,
        0.5663198742011955,
        0.5469894243197342,
        0.43994924356117726,
        0.4119758143077227,
        0.5082758960142738,
        0.41475636158968,
        0.501001816156927
    ],
    "Average": 0.48337531763270203,
    "Std": 0.06081399989704451
}