{
    "parameters": {
        "mutation_rate": 0.5,
        "population_size": 110,
        "network_architecture": [
            8
        ],
        "cost_func": "log_cosh",
        "maxIter": 1000,
        "batch_size": 0.6
    },
    "Metrics": [
        0.4822693036547442,
        0.3754762709733014,
        0.508552845763448,
        0.5735935337459818,
        0.43024313803886827,
        0.4492567585359918,
        0.4840397746062596,
        0.40920010930589223,
        0.380842221988544,
        0.41323162058330043
    ],
    "Average": 0.45067055771963316,
    "Std": 0.05885858503515344
}