{
    "parameters": {
        "mutation_rate": 0.5,
        "population_size": 110,
        "network_architecture": []
    },
    "Metrics": [
        0.3216006689859434,
        0.3230063509842268,
        0.3229485262837998,
        0.39103402992301506,
        0.39944891513924263,
        0.2891448916898802,
        0.32689085567609366,
        0.32894062173037286,
        0.34220365914682016,
        0.3164017756055093
    ],
    "Average": 0.33616202951649043
}