{
    "parameters": {
        "mutation_rate": 0.5,
        "population_size": 110,
        "network_architecture": [
            6,
            16
        ],
        "cost_func": "bin_cross",
        "maxIter": 1000,
        "batch_size": 0.6
    },
    "Metrics": [
        0.9411764705882353,
        0.9264705882352942,
        1.0,
        0.9852941176470589,
        0.9705882352941176,
        0.9411764705882353,
        0.9852941176470589,
        0.9705882352941176,
        0.9852941176470589,
        0.9577464788732394
    ],
    "Average": 0.9663628831814417
}