{
    "parameters": {
        "mutation_rate": 0.5,
        "population_size": 110,
        "network_architecture": [],
        "cost_func": "bin_cross",
        "maxIter": 1000,
        "batch_size": 0.6
    },
    "Metrics": [
        0.9558823529411765,
        0.9264705882352942,
        1.0,
        0.9852941176470589,
        0.9852941176470589,
        0.9411764705882353,
        1.0,
        0.9705882352941176,
        0.9705882352941176,
        0.9577464788732394
    ],
    "Average": 0.9693040596520299,
    "Std": 0.023105694224283702
}