{
    "parameters": {
        "mutation_rate": 0.5,
        "population_size": 110,
        "network_architecture": [
            15
        ],
        "cost_func": "log_cosh",
        "maxIter": 1000,
        "batch_size": 0.6
    },
    "Metrics": [
        0.7854507014381908,
        0.9433665648845609,
        0.9579405593321192,
        0.9022886361609813,
        0.5679314497696664,
        0.6962789462732478,
        0.8769558027404455,
        0.646631960040758,
        0.9258667366916244,
        0.6860029482487346
    ],
    "Average": 0.7988714305580329
}