{
    "parameters": {
        "mutation_rate": 0.5,
        "population_size": 110,
        "network_architecture": [],
        "cost_func": "log_cosh",
        "maxIter": 1000,
        "batch_size": 0.6
    },
    "Metrics": [
        0.7993834528942935,
        0.9255776200365259,
        0.8751864165632144,
        0.9575329708323184,
        0.5862216970527614,
        0.9748087750590055,
        0.8688415228117297,
        0.9414818445408164,
        0.9297221472897441,
        0.9412376425412703
    ],
    "Average": 0.8799994089621679
}