{
    "parameters": {
        "mutation_rate": 0.5,
        "population_size": 110,
        "network_architecture": [
            6,
            16
        ],
        "cost_func": "log_cosh",
        "maxIter": 1000,
        "batch_size": 0.6
    },
    "Metrics": [
        0.7220366320091092,
        0.9473631150038385,
        0.7475712814775406,
        0.8181186465681267,
        0.47964695105349553,
        0.5186525058124642,
        0.8723935598594503,
        0.5578278154537941,
        0.8900970751988627,
        0.5137504047909136
    ],
    "Average": 0.7067457987227597
}