{
    "parameters": {
        "mutation_rate": 0.5,
        "population_size": 110,
        "network_architecture": [],
        "cost_func": "log_cosh",
        "maxIter": 1000,
        "batch_size": 0.6
    },
    "Metrics": [
        -0.11129815876943172,
        -0.13638333468235242,
        -0.08287471100307475,
        -0.7931076214288537,
        0.004631648752088213,
        -0.025691814289349857,
        -0.057387668957583404,
        -0.05413577957029636,
        -0.10116891216921431,
        -0.018883950841664943
    ],
    "Average": -0.13763003029597332,
    "Std": 0.22247531541337762
}