{
    "parameters": {
        "mutation_rate": 0.5,
        "population_size": 110,
        "network_architecture": [
            12
        ],
        "cost_func": "log_cosh",
        "maxIter": 1000,
        "batch_size": 0.6
    },
    "Metrics": [
        -0.20083331490765688,
        -0.1440065633894585,
        -0.2795973969926506,
        -0.37931327452792596,
        -0.04020971911407445,
        -0.09016669064617355,
        -0.02708174530909191,
        -0.09285328484431266,
        -0.24856807595465047,
        -0.072764294650284
    ],
    "Average": -0.1575394360336279,
    "Std": 0.11005506542849347
}