{
    "parameters": {
        "mutation_rate": 0.5,
        "population_size": 110,
        "network_architecture": [
            4,
            5
        ],
        "cost_func": "log_cosh",
        "maxIter": 1000,
        "batch_size": 0.6
    },
    "Metrics": [
        -0.42831043635064603,
        -0.02741827718294476,
        -0.237802069937326,
        -0.18177450964855302,
        -0.008112295811559367,
        -0.23748052445226553,
        -0.07950606762907397,
        -0.018891973663517136,
        -0.25658921040732996,
        -0.12406375747294862
    ],
    "Average": -0.15999491225561643,
    "Std": 0.12735008373383555
}