{
    "parameters": {
        "mutation_rate": 0.6,
        "population_size": 110,
        "network_architecture": [
            7
        ],
        "cost_func": "log_cosh",
        "maxIter": 1000,
        "batch_size": 0.6
    },
    "Metrics": [
        0.6666666666666666,
        0.6190476190476191,
        0.6190476190476191,
        0.5238095238095238,
        0.5714285714285714,
        0.5238095238095238,
        0.5238095238095238,
        0.47619047619047616,
        0.6190476190476191,
        0.6
    ],
    "Average": 0.5742857142857142
}