{
    "parameters": {
        "mutation_rate": 0.6,
        "population_size": 110,
        "network_architecture": [],
        "cost_func": "log_cosh",
        "maxIter": 1000,
        "batch_size": 0.6
    },
    "Metrics": [
        0.6190476190476191,
        0.6190476190476191,
        0.5238095238095238,
        0.6666666666666666,
        0.7142857142857143,
        0.6666666666666666,
        0.7142857142857143,
        0.7142857142857143,
        0.7619047619047619,
        0.68
    ],
    "Average": 0.6679999999999999
}