{
    "parameters": {
        "mutation_rate": 0.6,
        "population_size": 110,
        "network_architecture": [
            4,
            7
        ],
        "cost_func": "log_cosh",
        "maxIter": 1000,
        "batch_size": 0.6
    },
    "Metrics": [
        0.42857142857142855,
        0.2857142857142857,
        0.5714285714285714,
        0.5238095238095238,
        0.6190476190476191,
        0.38095238095238093,
        0.5238095238095238,
        0.3333333333333333,
        0.3333333333333333,
        0.48
    ],
    "Average": 0.44800000000000006
}