{
    "parameters": {
        "mutation_rate": 0.5,
        "population_size": 110,
        "cost_func": "log_cosh"
    },
    "Metrics": [
        -0.14299372027553092,
        0.1852678879574181,
        0.33801999942198646,
        0.11681123852169373,
        0.054159301342216026,
        -0.11771552978003164,
        -0.4365514191063695,
        -0.2625418642323234,
        -0.23874847445486913,
        0.054368131145913545
    ],
    "Average": -0.044992444945989675
}