{
    "parameters": {
        "mutation_rate": 0.5,
        "population_size": 110,
        "cost_func": "log_cosh"
    },
    "Metrics": [
        0.29776088179544125,
        0.4417048859817182,
        0.5332139200495479,
        0.3986440741126207,
        0.522335266826762,
        0.15212839727221472,
        0.17298899214231622,
        0.06497412683683934,
        0.5013003392128056,
        -0.0038662391640931215
    ],
    "Average": 0.30811846450661734
}