{
    "parameters": {
        "mutation_rate": 0.5,
        "population_size": 110,
        "cost_func": "log_cosh"
    },
    "Metrics": [
        -0.7547724976372059,
        -1.3471938389277671,
        -0.23011854451097902,
        -7.60008984557353,
        -0.5382442379101,
        -1.0395111197957383,
        -0.3836968555470921,
        -0.22177179428289873,
        -0.4692365330083277,
        -0.054634476234784346
    ],
    "Average": -1.2639269743428423,
    "Std": 2.1450800238419863
}