{
    "parameters": {
        "mutation_rate": 0.5,
        "population_size": 110,
        "cost_func": "log_cosh"
    },
    "Metrics": [
        0.25,
        0.25,
        0.25,
        0.0,
        0.0,
        0.25,
        0.25,
        0.0,
        0.25,
        0.45454545454545453
    ],
    "Average": 0.19545454545454546
}