{
    "parameters": {
        "mutation_rate": 0.5,
        "population_size": 110,
        "cost_func": "bin_cross"
    },
    "Metrics": [
        0.9705882352941176,
        0.8823529411764706,
        0.9852941176470589,
        0.9705882352941176,
        0.9705882352941176,
        0.9558823529411765,
        0.9705882352941176,
        0.9705882352941176,
        0.9558823529411765,
        0.9577464788732394
    ],
    "Average": 0.9590099420049711
}