{
    "parameters": {
        "mutation_rate": 0.5,
        "population_size": 110,
        "cost_func": "log_cosh"
    },
    "Metrics": [
        0.7637135263958804,
        0.8589898547252677,
        0.8725599065244423,
        0.623094077923267,
        -2.6590728105368293,
        0.6840835936766586,
        0.8612106391591311,
        0.87315110413527,
        0.8926522013675373,
        0.8949629776242429
    ],
    "Average": 0.4665345070994868
}