{
    "parameters": {
        "mutation_rate": 0.5,
        "population_size": 110,
        "cost_func": "bin_cross"
    },
    "Metrics": [
        0.9264705882352942,
        0.9411764705882353,
        1.0,
        0.9852941176470589,
        0.9852941176470589,
        0.9117647058823529,
        1.0,
        0.9411764705882353,
        0.9705882352941176,
        0.9577464788732394
    ],
    "Average": 0.9619511184755594,
    "Std": 0.02952663339609925
}