{
    "parameters": {
        "mutation_rate": 0.5,
        "population_size": 110,
        "cost_func": "log_cosh"
    },
    "Metrics": [
        -0.34194631620603255,
        -0.055774813569301473,
        -0.24036371399292467,
        -0.350814822990021,
        -0.08884886967146244,
        -0.29473322269880153,
        -0.18696954648850816,
        -0.015059201570892577,
        -0.16406702392634132,
        0.004215051051720153
    ],
    "Average": -0.17343624800625657,
    "Std": 0.12528546877850022
}