{
    "parameters": {
        "mutation_rate": 0.5,
        "population_size": 110,
        "cost_func": "log_cosh"
    },
    "Metrics": [
        0.1222385380384724,
        0.1288821578933269,
        0.09523074395513453,
        0.16137566687535054,
        0.15727734459960263,
        0.1622865674111441,
        0.10107162542947945,
        0.12288577377459708,
        0.2559818808054015,
        0.030601360258691424
    ],
    "Average": 0.13378316590412007,
    "Std": 0.055260440611099304
}