{
    "parameters": {
        "mutation_rate": 0.5,
        "population_size": 110,
        "cost_func": "log_cosh"
    },
    "Metrics": [
        0.4988469629988418,
        0.33104778195700724,
        -0.03102836537485021,
        0.5368751401293976,
        0.4931048686585098,
        0.42193309406964286,
        0.2601237428845792,
        0.44829805401465705,
        0.3814319583012742,
        0.3679150741290469
    ],
    "Average": 0.3708548311768107,
    "Std": 0.15587586044774754
}