{
    "parameters": {
        "mutation_rate": 0.5,
        "population_size": 110,
        "cost_func": "log_cosh"
    },
    "Metrics": [
        -0.15599992385184924,
        -0.1402297946646356,
        -0.1075092256304524,
        -0.1450024142690649,
        -0.010860305616390287,
        -0.18809982883984566,
        -0.00673199122755741,
        -0.5594437973233282,
        -0.3999816390158226,
        -0.43208563744522865
    ],
    "Average": -0.2145944557884175,
    "Std": 0.17643185208318876
}