{
    "parameters": {
        "mutation_rate": 0.5,
        "population_size": 110,
        "cost_func": "log_cosh"
    },
    "Metrics": [
        0.5,
        0.5,
        0.0,
        0.25,
        0.5,
        0.5,
        0.25,
        0.5,
        0.75,
        0.36363636363636365
    ],
    "Average": 0.4113636363636363
}