{
    "parameters": {
        "mutation_rate": 0.5,
        "population_size": 110,
        "cost_func": "log_cosh"
    },
    "Metrics": [
        0.3333333333333333,
        0.2857142857142857,
        0.2857142857142857,
        0.42857142857142855,
        0.42857142857142855,
        0.2857142857142857,
        0.42857142857142855,
        0.23809523809523808,
        0.23809523809523808,
        0.36
    ],
    "Average": 0.3312380952380952
}