{
    "parameters": {
        "mutation_rate": 0.5,
        "population_size": 110,
        "cost_func": "bin_cross"
    },
    "Metrics": [
        0.8382352941176471,
        0.9558823529411765,
        1.0,
        0.9117647058823529,
        0.9852941176470589,
        0.8823529411764706,
        0.9264705882352942,
        0.9264705882352942,
        0.9705882352941176,
        0.8591549295774648
    ],
    "Average": 0.9256213753106876,
    "Std": 0.05113754379365408
}