{
    "parameters": {
        "mutation_rate": 0.5,
        "population_size": 110,
        "cost_func": "log_cosh"
    },
    "Metrics": [
        0.27684726460479825,
        0.2318223938939935,
        0.24931610134170046,
        0.22568274923492815,
        0.2933183933361907,
        0.17719858270618638,
        0.2557241683744129,
        0.22850390046437297,
        0.28055316468581504,
        0.297863904280242
    ],
    "Average": 0.251683062292264,
    "Std": 0.03537018173711129
}