{
    "parameters": {
        "mutation_rate": 0.5,
        "population_size": 110,
        "cost_func": "log_cosh"
    },
    "Metrics": [
        0.25,
        0.25,
        0.0,
        0.5,
        0.0,
        0.5,
        0.25,
        0.0,
        0.25,
        0.09090909090909091
    ],
    "Average": 0.20909090909090908
}