{
    "parameters": {
        "mutation_rate": 0.5,
        "population_size": 110,
        "cost_func": "log_cosh"
    },
    "Metrics": [
        0.2857142857142857,
        0.3333333333333333,
        0.42857142857142855,
        0.19047619047619047,
        0.2857142857142857,
        0.5238095238095238,
        0.42857142857142855,
        0.47619047619047616,
        0.38095238095238093,
        0.36
    ],
    "Average": 0.36933333333333335
}