{
  "0": {
    "1": {
      "KNN": {
        "RMSE": 21.08310811871744,
        "R2": 0.0
      },
      "cent": {
        "RMSE": 21.08310811871744,
        "R2": 0.0
      },
      "med": {
        "RMSE": 21.08310811871744,
        "R2": 0.0
      }
    },
    "3": {
      "KNN": {
        "RMSE": 16.527115703662993,
        "R2": 0.3854957891327725
      },
      "cent": {
        "RMSE": 202.19864249719325,
        "R2": -90.97868562952452
      },
      "med": {
        "RMSE": 191.35768210450766,
        "R2": -81.38014114514584
      }
    },
    "5": {
      "KNN": {
        "RMSE": 15.76878993659338,
        "R2": 0.44059355748004203
      },
      "cent": {
        "RMSE": 196.3512281431685,
        "R2": -85.73571686750195
      },
      "med": {
        "RMSE": 189.89702019587173,
        "R2": -80.12730105863372
      }
    },
    "7": {
      "KNN": {
        "RMSE": 15.189702649286692,
        "R2": 0.48092600387208173
      },
      "cent": {
        "RMSE": 197.02493136187593,
        "R2": -86.33193802927968
      },
      "med": {
        "RMSE": 191.86046295433084,
        "R2": -81.81360762629413
      }
    },
    "61": {
      "KNN": {
        "RMSE": 14.952083129461325,
        "R2": 0.49703920473865437
      },
      "cent": {
        "RMSE": 196.83105359262413,
        "R2": -86.16014869702953
      },
      "med": {
        "RMSE": 192.01376902386355,
        "R2": -81.94600489870024
      }
    },
    "mean": {
      "RMSE": 21.08310811871744,
      "R2": 0.0
    }
  }
}