{
  "0": {
    "1": {
      "KNN": {
        "RMSE": 21.08310811871744,
        "R2": 0.0
      },
      "cent": {
        "RMSE": 21.08310811871744,
        "R2": 0.0
      },
      "med": {
        "RMSE": 21.08310811871744,
        "R2": 0.0
      }
    },
    "3": {
      "KNN": {
        "RMSE": 16.527115703662993,
        "R2": 0.3854957891327725
      },
      "cent": {
        "RMSE": 202.19864249719325,
        "R2": -90.97868562952452
      },
      "med": {
        "RMSE": 191.35768210450766,
        "R2": -81.38014114514584
      }
    },
    "5": {
      "KNN": {
        "RMSE": 15.76878993659338,
        "R2": 0.44059355748004203
      },
      "cent": {
        "RMSE": 196.3512281431685,
        "R2": -85.73571686750195
      },
      "med": {
        "RMSE": 189.89702019587173,
        "R2": -80.12730105863372
      }
    },
    "7": {
      "KNN": {
        "RMSE": 15.189702649286692,
        "R2": 0.48092600387208173
      },
      "cent": {
        "RMSE": 197.02493136187593,
        "R2": -86.33193802927968
      },
      "med": {
        "RMSE": 191.86046295433084,
        "R2": -81.81360762629413
      }
    },
    "61": {
      "KNN": {
        "RMSE": 14.952083129461325,
        "R2": 0.49703920473865437
      },
      "cent": {
        "RMSE": 196.83105359262413,
        "R2": -86.16014869702953
      },
      "med": {
        "RMSE": 192.01376902386355,
        "R2": -81.94600489870024
      }
    },
    "mean": {
      "RMSE": 21.08310811871744,
      "R2": 0.0
    }
  },
  "1": {
    "1": {
      "KNN": {
        "RMSE": 20.323259020347784,
        "R2": -2.220446049250313e-16
      },
      "cent": {
        "RMSE": 20.323259020347784,
        "R2": -2.220446049250313e-16
      },
      "med": {
        "RMSE": 20.323259020347784,
        "R2": -2.220446049250313e-16
      }
    },
    "3": {
      "KNN": {
        "RMSE": 16.216721078854498,
        "R2": 0.3632933444722928
      },
      "cent": {
        "RMSE": 201.96418882437456,
        "R2": -97.75566881497335
      },
      "med": {
        "RMSE": 196.24164559620752,
        "R2": -92.23857973299366
      }
    },
    "5": {
      "KNN": {
        "RMSE": 15.514124223491297,
        "R2": 0.41726939937026797
      },
      "cent": {
        "RMSE": 194.18277931788725,
        "R2": -90.29242030199163
      },
      "med": {
        "RMSE": 195.84131481769072,
        "R2": -91.85855641523631
      }
    },
    "7": {
      "KNN": {
        "RMSE": 15.207283765005428,
        "R2": 0.44009210004071353
      },
      "cent": {
        "RMSE": 197.09477164624613,
        "R2": -93.05101853355059
      },
      "med": {
        "RMSE": 194.2999663403968,
        "R2": -90.40264135347319
      }
    },
    "61": {
      "KNN": {
        "RMSE": 14.190092619845226,
        "R2": 0.5124897450039867
      },
      "cent": {
        "RMSE": 197.07512722857302,
        "R2": -93.03227135521314
      },
      "med": {
        "RMSE": 193.7758258130072,
        "R2": -89.91017383695095
      }
    },
    "mean": {
      "RMSE": 20.323259020347784,
      "R2": 0.0
    }
  },
  "2": {
    "1": {
      "KNN": {
        "RMSE": 19.832648764915795,
        "R2": -2.220446049250313e-16
      },
      "cent": {
        "RMSE": 19.832648764915795,
        "R2": -2.220446049250313e-16
      },
      "med": {
        "RMSE": 19.832648764915795,
        "R2": -2.220446049250313e-16
      }
    },
    "3": {
      "KNN": {
        "RMSE": 15.764025655655132,
        "R2": 0.368209887732602
      },
      "cent": {
        "RMSE": 196.99657916542893,
        "R2": -97.66336610157705
      },
      "med": {
        "RMSE": 192.90611325871222,
        "R2": -93.60858353886496
      }
    },
    "5": {
      "KNN": {
        "RMSE": 14.846571689916075,
        "R2": 0.43960930145272004
      },
      "cent": {
        "RMSE": 192.9079981695018,
        "R2": -93.61043241351308
      },
      "med": {
        "RMSE": 192.4899146954332,
        "R2": -93.20078433856683
      }
    },
    "7": {
      "KNN": {
        "RMSE": 13.91051341854259,
        "R2": 0.508045567620654
      },
      "cent": {
        "RMSE": 195.2566123818979,
        "R2": -95.92818023261337
      },
      "med": {
        "RMSE": 192.67499743135056,
        "R2": -93.3820231419837
      }
    },
    "61": {
      "KNN": {
        "RMSE": 13.769311377638989,
        "R2": 0.5179822834398577
      },
      "cent": {
        "RMSE": 195.1503873657791,
        "R2": -95.82274567986343
      },
      "med": {
        "RMSE": 192.7336765500537,
        "R2": -93.43951993554911
      }
    },
    "mean": {
      "RMSE": 19.832648764915795,
      "R2": 0.0
    }
  },
  "3": {
    "1": {
      "KNN": {
        "RMSE": 19.612314897172613,
        "R2": 0.0
      },
      "cent": {
        "RMSE": 19.612314897172613,
        "R2": 0.0
      },
      "med": {
        "RMSE": 19.612314897172613,
        "R2": 0.0
      }
    },
    "3": {
      "KNN": {
        "RMSE": 15.589527113868598,
        "R2": 0.368158470108747
      },
      "cent": {
        "RMSE": 204.7127171447956,
        "R2": -107.95117792990048
      },
      "med": {
        "RMSE": 191.99890184486006,
        "R2": -94.83844841239268
      }
    },
    "5": {
      "KNN": {
        "RMSE": 14.404289893873761,
        "R2": 0.46058130877692727
      },
      "cent": {
        "RMSE": 194.71286604868195,
        "R2": -97.56701016979119
      },
      "med": {
        "RMSE": 191.57442643326232,
        "R2": -94.41515332947203
      }
    },
    "7": {
      "KNN": {
        "RMSE": 13.862036972205859,
        "R2": 0.5004299541107036
      },
      "cent": {
        "RMSE": 196.71986712902,
        "R2": -99.6094394653825
      },
      "med": {
        "RMSE": 190.358683678452,
        "R2": -93.20797540750637
      }
    },
    "61": {
      "KNN": {
        "RMSE": 13.67146831115672,
        "R2": 0.5140712387815207
      },
      "cent": {
        "RMSE": 196.40951509842535,
        "R2": -99.29224004886348
      },
      "med": {
        "RMSE": 190.3473567397069,
        "R2": -93.19676440101503
      }
    },
    "mean": {
      "RMSE": 19.612314897172613,
      "R2": 0.0
    }
  },
  "4": {
    "1": {
      "KNN": {
        "RMSE": 21.57776059629665,
        "R2": 1.1102230246251565e-16
      },
      "cent": {
        "RMSE": 21.57776059629665,
        "R2": 1.1102230246251565e-16
      },
      "med": {
        "RMSE": 21.57776059629665,
        "R2": 1.1102230246251565e-16
      }
    },
    "3": {
      "KNN": {
        "RMSE": 16.313088580314076,
        "R2": 0.42844286818154464
      },
      "cent": {
        "RMSE": 204.86690217311158,
        "R2": -89.14276187664042
      },
      "med": {
        "RMSE": 192.65904055173607,
        "R2": -78.7197715825383
      }
    },
    "5": {
      "KNN": {
        "RMSE": 15.388315904836752,
        "R2": 0.4914080920548063
      },
      "cent": {
        "RMSE": 194.35645906103676,
        "R2": -80.13069860539807
      },
      "med": {
        "RMSE": 193.33707205534571,
        "R2": -79.28187996703998
      }
    },
    "7": {
      "KNN": {
        "RMSE": 15.086220575802063,
        "R2": 0.5111809013804354
      },
      "cent": {
        "RMSE": 197.01821419232326,
        "R2": -82.3681214981881
      },
      "med": {
        "RMSE": 192.97318864482008,
        "R2": -78.97996422401222
      }
    },
    "61": {
      "KNN": {
        "RMSE": 14.811981810522187,
        "R2": 0.528790975408848
      },
      "cent": {
        "RMSE": 195.91278653206493,
        "R2": -81.43522410170026
      },