{
  "0": {
    "1": {
      "KNN": {
        "RMSE": 6.995710829857061,
        "R2": 1.1102230246251565e-16
      },
      "cent": {
        "RMSE": 6.995710829857061,
        "R2": 1.1102230246251565e-16
      },
      "med": {
        "RMSE": 6.995710829857061,
        "R2": 1.1102230246251565e-16
      }
    },
    "3": {
      "KNN": {
        "RMSE": 8.578716198489138,
        "R2": -0.5037682203665927
      },
      "cent": {
        "RMSE": 9.086753202603578,
        "R2": -0.6871502728700885
      },
      "med": {
        "RMSE": 9.064750501689629,
        "R2": -0.6789896199922512
      }
    },
    "5": {
      "KNN": {
        "RMSE": 8.181946174067235,
        "R2": -0.36788484289719414
      },
      "cent": {
        "RMSE": 8.34934136471819,
        "R2": -0.42442876861708667
      },
      "med": {
        "RMSE": 7.654296733784536,
        "R2": -0.1971453695392973
      }
    },
    "7": {
      "KNN": {
        "RMSE": 8.143599073077912,
        "R2": -0.3550928993772777
      },
      "cent": {
        "RMSE": 8.632628682479584,
        "R2": -0.5227283128036182
      },
      "med": {
        "RMSE": 7.122517433546677,
        "R2": -0.036581235657664024
      }
    },
    "21": {
      "KNN": {
        "RMSE": 8.277650243570763,
        "R2": -0.4000722422575027
      },
      "cent": {
        "RMSE": 7.480438982738602,
        "R2": -0.14337968244255617
      },
      "med": {
        "RMSE": 7.029185249094948,
        "R2": -0.009592879827489575
      }
    },
    "mean": {
      "RMSE": 6.995710829857061,
      "R2": 0.0
    }
  },
  "1": {
    "1": {
      "KNN": {
        "RMSE": 7.634185303716254,
        "R2": 0.0
      },
      "cent": {
        "RMSE": 7.634185303716254,
        "R2": 0.0
      },
      "med": {
        "RMSE": 7.634185303716254,
        "R2": 0.0
      }
    },
    "3": {
      "KNN": {
        "RMSE": 8.49181468859299,
        "R2": -0.23730173494146367
      },
      "cent": {
        "RMSE": 10.400986034045028,
        "R2": -0.8561951424231657
      },
      "med": {
        "RMSE": 11.457528509780595,
        "R2": -1.2524569459041004
      }
    },
    "5": {
      "KNN": {
        "RMSE": 8.976441573226767,
        "R2": -0.3825569262643298
      },
      "cent": {
        "RMSE": 9.753433232946826,
        "R2": -0.6322611203516744
      },
      "med": {
        "RMSE": 8.238896124280316,
        "R2": -0.16469620396819717
      }
    },
    "7": {
      "KNN": {
        "RMSE": 9.70813165493584,
        "R2": -0.6171336714647031
      },
      "cent": {
        "RMSE": 8.502935466938718,
        "R2": -0.2405445678701077
      },
      "med": {
        "RMSE": 7.707587290078296,
        "R2": -0.01932226166548956
      }
    },
    "21": {
      "KNN": {
        "RMSE": 8.562677436955138,
        "R2": -0.2580380407191267
      },
      "cent": {
        "RMSE": 7.66696629146465,
        "R2": -0.008606384776966625
      },
      "med": {
        "RMSE": 7.702701006736626,
        "R2": -0.018030257196604227
      }
    },
    "mean": {
      "RMSE": 7.634185303716254,
      "R2": 0.0
    }
  },
  "2": {
    "1": {
      "KNN": {
        "RMSE": 6.783561499539225,
        "R2": 0.0
      },
      "cent": {
        "RMSE": 6.783561499539225,
        "R2": 0.0
      },
      "med": {
        "RMSE": 6.783561499539225,
        "R2": 0.0
      }
    },
    "3": {
      "KNN": {
        "RMSE": 8.505479988449821,
        "R2": -0.5721070704693569
      },
      "cent": {
        "RMSE": 9.330017216358842,
        "R2": -0.8916873382556159
      },
      "med": {
        "RMSE": 10.82258202549038,
        "R2": -1.5453425572305681
      }
    },
    "5": {
      "KNN": {
        "RMSE": 8.003064952476945,
        "R2": -0.3918651146683383
      },
      "cent": {
        "RMSE": 8.956163478447047,
        "R2": -0.7431248376483917
      },
      "med": {
        "RMSE": 6.998344179991036,
        "R2": -0.0643269556023307
      }
    },
    "7": {
      "KNN": {
        "RMSE": 8.593733508461211,
        "R2": -0.6049009379891457
      },
      "cent": {
        "RMSE": 8.090481904491952,
        "R2": -0.4224376809544199
      },
      "med": {
        "RMSE": 6.708129008678811,
        "R2": 0.02211613771929344
      }
    },
    "21": {
      "KNN": {
        "RMSE": 7.339046732167257,
        "R2": -0.17047939532096268
      },
      "cent": {
        "RMSE": 7.722211969140237,
        "R2": -0.2958892993217106
      },
      "med": {
        "RMSE": 6.7113106954596535,
        "R2": 0.021188290920795105
      }
    },
    "mean": {
      "RMSE": 6.783561499539225,
      "R2": 0.0
    }
  },
  "3": {
    "1": {
      "KNN": {
        "RMSE": 7.553884717187782,
        "R2": 0.0
      },
      "cent": {
        "RMSE": 7.553884717187782,
        "R2": 0.0
      },
      "med": {
        "RMSE": 7.553884717187782,
        "R2": 0.0
      }
    },
    "3": {
      "KNN": {
        "RMSE": 9.534009299564298,
        "R2": -0.5929804180602338
      },
      "cent": {
        "RMSE": 10.465667047941647,
        "R2": -0.9195221280067531
      },
      "med": {
        "RMSE": 11.525286077408127,
        "R2": -1.3278914384036584
      }
    },
    "5": {
      "KNN": {
        "RMSE": 10.152422785067184,
        "R2": -0.8063366138892691
      },
      "cent": {
        "RMSE": 9.007647121247846,
        "R2": -0.4219424613503795
      },
      "med": {
        "RMSE": 8.123316961389522,
        "R2": -0.15644795679254897
      }
    },
    "7": {
      "KNN": {
        "RMSE": 9.717370786690969,
        "R2": -0.6548431771760135
      },
      "cent": {
        "RMSE": 8.701006185695146,
        "R2": -0.3267779632117116
      },
      "med": {
        "RMSE": 7.800822120897639,
        "R2": -0.06644888554206285
      }
    },
    "21": {
      "KNN": {
        "RMSE": 7.7760090490226315,
        "R2": -0.059675294987604266
      },
      "cent": {
        "RMSE": 9.316031430507804,
        "R2": -0.5209718805757797
      },
      "med": {
        "RMSE": 7.806334992835674,
        "R2": -0.06795674547500852
      }
    },
    "mean": {
      "RMSE": 7.553884717187782,
      "R2": 0.0
    }
  },
  "4": {
    "1": {
      "KNN": {
        "RMSE": 7.3441619463526235,
        "R2": 0.0
      },
      "cent": {
        "RMSE": 7.3441619463526235,
        "R2": 0.0
      },
      "med": {
        "RMSE": 7.3441619463526235,
        "R2": 0.0
      }
    },
    "3": {
      "KNN": {
        "RMSE": 9.642843874180846,
        "R2": -0.7239544252726424
      },
      "cent": {
        "RMSE": 10.177335446435075,
        "R2": -0.9203645860970158
      },
      "med": {
        "RMSE": 10.650392930791357,
        "R2": -1.1030363125237703
      }
    },
    "5": {
      "KNN": {
        "RMSE": 9.298583942001716,
        "R2": -0.6030576540781307
      },
      "cent": {
        "RMSE": 10.301337830924998,
        "R2": -0.9674457687752265
      },
      "med": {
        "RMSE": 7.157851997036012,
        "R2": 0.0500933269313375
      }
    },
    "7": {
      "KNN": {
        "RMSE": 8.874144833619264,
        "R2": -0.460052711301695
      },
      "cent": {
        "RMSE": 9.475600674907728,
        "R2": -0.664673287189979
      },
      "med": {
        "RMSE": 7.480251250265006,
        "R2": -0.03740391094031814
      }
    },
    "21": {
      "KNN": {
        "RMSE": 7.350280646672827,
        "R2": -0.0016669700983611424
      },
      "cent": {
        "RMSE": 8.780385172591723,
        "R2": -0.429363360673537
      },
      "med": {
        "RMSE": 7.549387333259653,
        "R2": -0.05666890226172705
      }
    },