class,region-centroid-col,region-centroid-row,region-pixel-count,short-line-density-5,short-line-density-2,vedge-mean,vedge-sd,hedge-mean,hedge-sd,intensity-mean,rawred-mean,rawblue-mean,rawgreen-mean,exred-mean,exblue-mean,exgreen-mean,value-mean,saturatoin-mean,hue-mean
CEMENT,139.92857142857142,119.42857142857143,9.0,0.003968253928571429,0.0059523808928571426,1.5674601905357142,1.857740604357143,2.9047618207142856,4.558526065125,40.23148182678572,35.93849224232143,47.8174607125,36.93849220482143,-12.878968339285716,22.757936241428574,-9.878968117857141,48.4027780625,0.4231095463571428,-1.5720402314285715
FOLIAGE,118.31428571428572,123.88571428571429,9.0,0.006349206285714286,0.006349206285714286,3.385714598571429,25.709410151000004,4.046031791142857,50.34436982017144,32.717460034285715,28.822222874571434,38.98730172571428,30.34285729857143,-11.685714120000002,18.809523871428567,-7.123809478285714,40.088889082857136,0.4277021401142857,-1.2502314
WINDOW,119.31932773109244,123.99159663865547,9.0,0.011204481680672269,0.006535947647058823,1.6638656226050417,1.6574650230420165,2.0387488421008406,3.5859554329663865,36.89947073781512,32.78898228252101,43.69747955798319,34.211951305714294,-12.331465825966385,20.394024411428575,-8.062558350588237,44.64612565882353,0.42197173529411763,-1.2579082831932773
